{
  "generator-jhipster": {
    "applicationType": "monolith",
    "authenticationType": "jwt",
    "baseName": "MADBackend",
    "buildTool": "maven",
    "cacheProvider": "no",
    "clientFramework": "react",
    "clientTestFrameworks": [],
    "clientTheme": "none",
    "creationTimestamp": 1743605613704,
    "databaseType": "sql",
    "devDatabaseType": "mysql",
    "devServerPort": 9060,
    "enableGradleEnterprise": null,
    "enableHibernateCache": false,
    "enableSwaggerCodegen": true,
    "enableTranslation": false,
    "entities": [
      "AppUser",
      "JobSeeker",
      "Employer",
      "Post",
      "Position",
      "Category",
      "Application",
      "ApplicationSchedule",
      "Interview",
      "Message",
      "MessageReceiver",
      "Notification",
      "NotificationReceiver",
      "Review",
      "Experience",
      "Contract"
    ],
    "gradleEnterpriseHost": null,
    "jhipsterVersion": "8.10.0",
    "jwtSecretKey": "MGVjZjlhM2FmYWFhMDE0ZmQ3YWYwZTU4NzdmNDZjZThhN2U2ZDhlYzRiMDU0ODYwMmY3MTg4YzJmODM0ZDk3ZDM4YWU1ZDQyZmY2NWFhYTcxZmJiZjJkZDA1NTNiNzA3N2FkM2RlMjYzNzgwNDFjMjA5ZGYwY2U2ZTk1ZWJmNzA=",
    "lastLiquibaseTimestamp": 1745825239000,
    "messageBroker": false,
    "microfrontend": null,
    "microfrontends": [],
    "nativeLanguage": "en",
    "packageName": "com.mycompany.myapp",
    "prodDatabaseType": "mysql",
    "reactive": false,
    "searchEngine": false,
    "serverPort": null,
    "serverSideOptions": ["enableSwaggerCodegen:true"],
    "serviceDiscoveryType": false,
    "testFrameworks": [],
    "websocket": false,
    "withAdminUi": true
  }
}
