id;email;password;role;created_at;updated_at;full_name;phone;avatar_url;address;status
1;Unique.Pouros@gmail.com;slight relative postbox;JOB_SEEKER;2025-04-01T20:43:25;2025-04-02T09:08:45;other joyously;975-260-1296;ultimately extremely seemingly;excepting inside;false
2;Hulda_Murray@yahoo.com;midst;JOB_SEEKER;2025-04-02T13:23:20;2025-04-02T05:53:43;mealy versus interior;641.673.9307;cleaner around minty;glaring until;true
3;Rae95@gmail.com;too;EMPLOYER;2025-04-02T10:14:52;2025-04-02T10:16:15;owlishly questioningly;1-540-340-8648 x6520;cap before;burly however;true
4;Adrienne.Monahan-McClure@gmail.com;yippee ouch;EMPLOYER;2025-04-01T17:12:30;2025-04-01T19:30:00;fidget because descendant;901.327.1138 x55443;blink;incidentally brr;false
5;Thaddeus43@gmail.com;whether likewise gleefully;JOB_SEEKER;2025-04-02T04:15:17;2025-04-01T18:45:45;properly moor;1-619-299-1971 x06390;eek yippee;now;true
6;Nora_Gulgowski85@gmail.com;fen and ravage;EMPLOYER;2025-04-02T00:10:07;2025-04-02T11:26:43;past fortunately;(439) 228-6061;evenly;an towards hmph;false
7;Tamara.Volkman@yahoo.com;ick thankfully;JOB_SEEKER;2025-04-01T21:25:23;2025-04-02T07:19:18;outnumber;898.960.4496;reword;whoa before tame;false
8;Dashawn94@yahoo.com;speedy boohoo;EMPLOYER;2025-04-01T16:36:54;2025-04-02T00:42:03;huzzah vain mooch;944-248-8163 x38656;bah though step;meal rural amid;false
9;Arjun.Baumbach@gmail.com;warmly;JOB_SEEKER;2025-04-01T15:34:15;2025-04-01T18:46:08;pfft thorough;756.302.0025 x6946;drat questionably;carboxyl;false
10;River_Ebert43@yahoo.com;pfft hence helplessly;JOB_SEEKER;2025-04-01T17:49:32;2025-04-02T03:18:08;whether defendant;1-424-846-4011 x003;programme like admonish;unbalance;true
