id;status;applied_at;cover_letter
1;REJECTED;2025-04-01T20:57:36;../fake-data/blob/hipster.txt
2;PENDING;2025-04-01T17:52:00;../fake-data/blob/hipster.txt
3;UNDER_REVIEW;2025-04-02T07:06:56;../fake-data/blob/hipster.txt
4;WITHDRAWN;2025-04-01T19:32:16;../fake-data/blob/hipster.txt
5;REJECTED;2025-04-02T05:26:23;../fake-data/blob/hipster.txt
6;PENDING;2025-04-01T21:17:13;../fake-data/blob/hipster.txt
7;WITHDRAWN;2025-04-01T22:57:21;../fake-data/blob/hipster.txt
8;PENDING;2025-04-02T03:13:32;../fake-data/blob/hipster.txt
9;WITHDRAWN;2025-04-01T22:20:31;../fake-data/blob/hipster.txt
10;INTERVIEWING;2025-04-02T08:26:59;../fake-data/blob/hipster.txt
