id;company_name;company_code;company_description;company_website;workforce_size;business_type;year_established;specialization
1;tidy never angrily;murky;../fake-data/blob/hipster.txt;mortally questionably space;1969;bah brr;6817;stay eggplant
2;impact adolescent around;decent broadly which;../fake-data/blob/hipster.txt;limply;26928;uh-huh how;18856;speedily hole indeed
3;good fork;over dishonor;../fake-data/blob/hipster.txt;dusk;17213;yummy;6003;off inasmuch crystallize
4;possible;wherever tangible those;../fake-data/blob/hipster.txt;stake whenever psst;31911;busily pulse;16053;except pinstripe content
5;admonish if;handover printer;../fake-data/blob/hipster.txt;fledgling mummify;23867;among;13182;plus oh
6;sleepy that;knowledgeably what;../fake-data/blob/hipster.txt;along;15749;makeover;32047;vein plan
7;once gosh;carelessly;../fake-data/blob/hipster.txt;considering yuck sup;15358;fuss behind excitedly;6990;instructor aboard obscure
8;kissingly burdensome adult;transplant victoriously;../fake-data/blob/hipster.txt;lest privilege hoof;31897;lamp ouch while;20492;role
9;because;um;../fake-data/blob/hipster.txt;how thigh;18921;puff ceramics mysteriously;30795;dowse
10;prestigious blah faithfully;bah;../fake-data/blob/hipster.txt;ha;18759;mixture whoa;19784;venom
