id;company_name;job_title;job_description;start_date;end_date;is_current;created_at
1;confute aw hm;Corporate Factors Producer;../fake-data/blob/hipster.txt;2025-04-01;2025-04-02;true;2025-04-01T23:30:00
2;grim;Future Division Agent;../fake-data/blob/hipster.txt;2025-04-02;2025-04-02;true;2025-04-02T01:25:15
3;corporation;International Integration Representative;../fake-data/blob/hipster.txt;2025-04-01;2025-04-02;true;2025-04-02T06:40:31
4;successfully;Customer Brand Manager;../fake-data/blob/hipster.txt;2025-04-01;2025-04-02;true;2025-04-01T19:18:33
5;consequently considering pfft;Internal Solutions Representative;../fake-data/blob/hipster.txt;2025-04-01;2025-04-02;true;2025-04-02T07:54:58
6;nun abnormally jealously;Customer Data Liaison;../fake-data/blob/hipster.txt;2025-04-02;2025-04-02;false;2025-04-02T08:08:27
7;dream;Chief Configuration Engineer;../fake-data/blob/hipster.txt;2025-04-01;2025-04-01;true;2025-04-02T15:00:53
8;whether toady;Customer Communications Agent;../fake-data/blob/hipster.txt;2025-04-01;2025-04-01;false;2025-04-01T20:28:59
9;emphasise;Customer Metrics Strategist;../fake-data/blob/hipster.txt;2025-04-02;2025-04-02;false;2025-04-01T16:09:50
10;patiently;Forward Configuration Executive;../fake-data/blob/hipster.txt;2025-04-01;2025-04-02;false;2025-04-02T02:53:51
