id;scheduled_time;duration_minutes;interview_type;location_or_link;status;notes
1;2025-04-01T18:08:32;21787;IN_PERSON;handsome degenerate;RESCHEDULED;../fake-data/blob/hipster.txt
2;2025-04-01T21:34:40;11162;PHONE;ownership;COMPLETED;../fake-data/blob/hipster.txt
3;2025-04-01T20:48:45;7491;PHONE;times brr;COMPLETED;../fake-data/blob/hipster.txt
4;2025-04-02T12:58:47;6235;VIDEO;optimal consequently as;COMPLETED;../fake-data/blob/hipster.txt
5;2025-04-02T10:42:11;26099;VIDEO;swift within mortally;RESCHEDULED;../fake-data/blob/hipster.txt
6;2025-04-02T09:56:31;13049;IN_PERSON;though quit to;COMPLETED;../fake-data/blob/hipster.txt
7;2025-04-02T04:04:02;9558;IN_PERSON;cruel scent;RESCHEDULED;../fake-data/blob/hipster.txt
8;2025-04-01T17:53:10;18696;VIDEO;hm;COMPLETED;../fake-data/blob/hipster.txt
9;2025-04-02T10:38:20;9513;VIDEO;innovation out;SCHEDULED;../fake-data/blob/hipster.txt
10;2025-04-01T20:08:38;17484;VIDEO;yahoo aftermath;SCHEDULED;../fake-data/blob/hipster.txt
