id;resume_url;expected_salary;description;birth_date
1;ah;28426;knowledgeably geez whup;2025-04-02T13:45:30
2;than typify farmer;1119;wretched that big;2025-04-02T07:26:34
3;welcome;21353;anenst luck;2025-04-02T02:42:23
4;immediately foolish;13822;aggravating into um;2025-04-02T06:48:34
5;decision meh limited;32435;well-off worriedly;2025-04-02T14:21:39
6;favorable;5359;what;2025-04-01T23:51:38
7;prestigious draw;31620;despite yet;2025-04-02T13:20:10
8;tinderbox;8490;blank indeed;2025-04-01T20:47:15
9;phrase;19534;fax;2025-04-02T02:54:35
10;chiffonier babyish;14758;towards uselessly;2025-04-02T08:39:17
