id;content;sent_at;message_type
1;../fake-data/blob/hipster.txt;2025-04-02T09:36:50;IMAGE
2;../fake-data/blob/hipster.txt;2025-04-01T16:46:17;TEXT
3;../fake-data/blob/hipster.txt;2025-04-02T09:52:03;IMAGE
4;../fake-data/blob/hipster.txt;2025-04-02T10:26:21;TEXT
5;../fake-data/blob/hipster.txt;2025-04-02T01:52:13;TEXT
6;../fake-data/blob/hipster.txt;2025-04-01T16:31:24;FILE
7;../fake-data/blob/hipster.txt;2025-04-02T07:29:39;TEXT
8;../fake-data/blob/hipster.txt;2025-04-02T00:56:35;TEXT
9;../fake-data/blob/hipster.txt;2025-04-02T02:23:29;TEXT
10;../fake-data/blob/hipster.txt;2025-04-02T05:34:29;IMAGE
