id;title;content;noti_code;created_at
1;formation notarize;../fake-data/blob/hipster.txt;POST;2025-04-02T08:41:30
2;strategy;../fake-data/blob/hipster.txt;CONTRACT;2025-04-02T12:19:47
3;whitewash;../fake-data/blob/hipster.txt;POST;2025-04-02T12:28:21
4;gah going;../fake-data/blob/hipster.txt;POST;2025-04-01T23:31:58
5;with detective;../fake-data/blob/hipster.txt;POST;2025-04-01T21:57:55
6;uselessly woot likewise;../fake-data/blob/hipster.txt;CONTRACT;2025-04-01T22:24:42
7;guilty traditionalism ick;../fake-data/blob/hipster.txt;POST;2025-04-02T09:40:50
8;aboard going;../fake-data/blob/hipster.txt;CONTRACT;2025-04-02T03:35:23
9;physically;../fake-data/blob/hipster.txt;CONTRACT;2025-04-01T15:49:31
10;why;../fake-data/blob/hipster.txt;CONTRACT;2025-04-01T23:18:38
