id;description;benefit;job_type;salary_range;location;address;status;created_at;updated_at;expiration_date;experience_years_required;requirements
1;../fake-data/blob/hipster.txt;../fake-data/blob/hipster.txt;INTERNSHIP;smoothly option;freckle fortunately gosh;gust bitterly uh-huh;DELETED;2025-04-01T16:14:58;2025-04-01T19:15:40;2025-04-02T04:07:40;5422;../fake-data/blob/hipster.txt
2;../fake-data/blob/hipster.txt;../fake-data/blob/hipster.txt;PART_TIME;enormously expansion instead;scheme apparatus;gift;DRAFT;2025-04-02T08:06:25;2025-04-02T03:48:07;2025-04-02T09:15:05;24337;../fake-data/blob/hipster.txt
3;../fake-data/blob/hipster.txt;../fake-data/blob/hipster.txt;PART_TIME;yet reckon;knowledgeably throughout;fatally boo;DRAFT;2025-04-01T21:36:57;2025-04-01T16:15:20;2025-04-02T12:02:25;11439;../fake-data/blob/hipster.txt
4;../fake-data/blob/hipster.txt;../fake-data/blob/hipster.txt;FREELANCE;bookend cooperative despite;uniform whoever requirement;diver pricey;CLOSED;2025-04-01T22:49:32;2025-04-01T20:38:21;2025-04-02T10:43:37;17462;../fake-data/blob/hipster.txt
5;../fake-data/blob/hipster.txt;../fake-data/blob/hipster.txt;INTERNSHIP;against outside final;seafood excess gah;indeed incomplete lotion;DELETED;2025-04-02T14:31:06;2025-04-02T00:41:48;2025-04-02T08:58:15;10180;../fake-data/blob/hipster.txt
6;../fake-data/blob/hipster.txt;../fake-data/blob/hipster.txt;FULL_TIME;unlike outrank;before pfft;biodegradable whoever whether;CLOSED;2025-04-01T20:33:48;2025-04-01T19:15:36;2025-04-02T05:15:23;14911;../fake-data/blob/hipster.txt
7;../fake-data/blob/hipster.txt;../fake-data/blob/hipster.txt;INTERNSHIP;gracious from however;catalyze contrail;appreciate typewriter;DRAFT;2025-04-02T03:02:31;2025-04-02T11:37:33;2025-04-01T17:11:13;27206;../fake-data/blob/hipster.txt
8;../fake-data/blob/hipster.txt;../fake-data/blob/hipster.txt;FREELANCE;ah;towards pish glisten;uh-huh throughout;DRAFT;2025-04-02T06:35:55;2025-04-01T16:29:46;2025-04-02T07:33:26;29330;../fake-data/blob/hipster.txt
9;../fake-data/blob/hipster.txt;../fake-data/blob/hipster.txt;PART_TIME;gah instead;speedily searchingly;horde after nutritious;PUBLISHED;2025-04-02T04:21:02;2025-04-01T22:10:30;2025-04-01T21:20:23;12825;../fake-data/blob/hipster.txt
10;../fake-data/blob/hipster.txt;../fake-data/blob/hipster.txt;FREELANCE;promptly till eek;beside;airmail;DRAFT;2025-04-02T09:11:21;2025-04-02T10:08:40;2025-04-02T01:48:45;1716;../fake-data/blob/hipster.txt
