id;rating;comment;created_at
1;19298;../fake-data/blob/hipster.txt;2025-04-02T12:35:16
2;20767;../fake-data/blob/hipster.txt;2025-04-02T07:32:22
3;9794;../fake-data/blob/hipster.txt;2025-04-02T11:24:09
4;28971;../fake-data/blob/hipster.txt;2025-04-02T14:20:07
5;30973;../fake-data/blob/hipster.txt;2025-04-02T00:46:44
6;4223;../fake-data/blob/hipster.txt;2025-04-02T07:23:19
7;13968;../fake-data/blob/hipster.txt;2025-04-02T06:43:25
8;14477;../fake-data/blob/hipster.txt;2025-04-02T06:30:37
9;12199;../fake-data/blob/hipster.txt;2025-04-02T02:57:48
10;11907;../fake-data/blob/hipster.txt;2025-04-02T11:39:30
