<?xml version="1.0" encoding="utf-8"?>
<databaseChangeLog
    xmlns="http://www.liquibase.org/xml/ns/dbchangelog"
    xmlns:ext="http://www.liquibase.org/xml/ns/dbchangelog-ext"
    xmlns:xsi="http://www.w3.org/2001/XMLSchema-instance"
    xsi:schemaLocation="http://www.liquibase.org/xml/ns/dbchangelog http://www.liquibase.org/xml/ns/dbchangelog/dbchangelog-latest.xsd
                        http://www.liquibase.org/xml/ns/dbchangelog-ext http://www.liquibase.org/xml/ns/dbchangelog/dbchangelog-ext.xsd">

    <!--
        Added the entity Notification.
    -->
    <changeSet id="20250402150833-1" author="jhipster">
        <createTable tableName="notification">
            <column name="id" type="bigint" autoIncrement="true" startWith="1500">
                <constraints primaryKey="true" nullable="false"/>
            </column>
            <column name="title" type="varchar(255)">
                <constraints nullable="false" />
            </column>
            <column name="content" type="${clobType}">
                <constraints nullable="false" />
            </column>
            <column name="noti_code" type="varchar(255)">
                <constraints nullable="false" />
            </column>
            <column name="created_at" type="${datetimeType}">
                <constraints nullable="true" />
            </column>
            <column name="sender_id" type="bigint">
                <constraints nullable="true" />
            </column>
            <!-- jhipster-needle-liquibase-add-column - JHipster will add columns here -->
        </createTable>
        <dropDefaultValue tableName="notification" columnName="created_at" columnDataType="${datetimeType}"/>
    </changeSet>

    <!-- jhipster-needle-liquibase-add-changeset - JHipster will add changesets here -->

    <!--
        Load sample data generated with Faker.js
        - This data can be easily edited using a CSV editor (or even MS Excel) and
          is located in the 'src/main/resources/config/liquibase/fake-data' directory
        - By default this data is applied when running with the JHipster 'dev' profile.
          This can be customized by adding or removing 'faker' in the 'spring.liquibase.contexts'
          Spring Boot configuration key.
    -->
    <changeSet id="20250402150833-1-data" author="jhipster" context="faker">
        <loadData
                  file="config/liquibase/fake-data/notification.csv"
                  separator=";"
                  tableName="notification"
                  usePreparedStatements="true">
            <column name="id" type="numeric"/>
            <column name="title" type="string"/>
            <column name="content" type="clob"/>
            <column name="noti_code" type="string"/>
            <column name="created_at" type="date"/>
            <!-- jhipster-needle-liquibase-add-loadcolumn - JHipster (and/or extensions) can add load columns here -->
        </loadData>
    </changeSet>
</databaseChangeLog>
