<?xml version="1.0" encoding="utf-8"?>
<databaseChangeLog
    xmlns="http://www.liquibase.org/xml/ns/dbchangelog"
    xmlns:ext="http://www.liquibase.org/xml/ns/dbchangelog-ext"
    xmlns:xsi="http://www.w3.org/2001/XMLSchema-instance"
    xsi:schemaLocation="http://www.liquibase.org/xml/ns/dbchangelog http://www.liquibase.org/xml/ns/dbchangelog/dbchangelog-latest.xsd
                        http://www.liquibase.org/xml/ns/dbchangelog-ext http://www.liquibase.org/xml/ns/dbchangelog/dbchangelog-ext.xsd">

    <!--
        Added the entity Application.
    -->
    <changeSet id="20250402150333-1" author="jhipster">
        <createTable tableName="application">
            <column name="id" type="bigint" autoIncrement="true" startWith="1500">
                <constraints primaryKey="true" nullable="false"/>
            </column>
            <column name="status" type="varchar(255)">
                <constraints nullable="true" />
            </column>
            <column name="applied_at" type="${datetimeType}">
                <constraints nullable="true" />
            </column>
            <column name="cover_letter" type="${clobType}">
                <constraints nullable="true" />
            </column>
            <column name="application_schedule_id" type="bigint">
                <constraints nullable="true" unique="true" uniqueConstraintName="ux_application__application_schedule_id" />
            </column>
            <column name="job_seeker_id" type="bigint">
                <constraints nullable="true" />
            </column>
            <column name="post_id" type="bigint">
                <constraints nullable="true" />
            </column>
            <!-- jhipster-needle-liquibase-add-column - JHipster will add columns here -->
        </createTable>
        <dropDefaultValue tableName="application" columnName="applied_at" columnDataType="${datetimeType}"/>
    </changeSet>

    <!-- jhipster-needle-liquibase-add-changeset - JHipster will add changesets here -->

    <!--
        Load sample data generated with Faker.js
        - This data can be easily edited using a CSV editor (or even MS Excel) and
          is located in the 'src/main/resources/config/liquibase/fake-data' directory
        - By default this data is applied when running with the JHipster 'dev' profile.
          This can be customized by adding or removing 'faker' in the 'spring.liquibase.contexts'
          Spring Boot configuration key.
    -->
    <changeSet id="20250402150333-1-data" author="jhipster" context="faker">
        <loadData
                  file="config/liquibase/fake-data/application.csv"
                  separator=";"
                  tableName="application"
                  usePreparedStatements="true">
            <column name="id" type="numeric"/>
            <column name="status" type="string"/>
            <column name="applied_at" type="date"/>
            <column name="cover_letter" type="clob"/>
            <!-- jhipster-needle-liquibase-add-loadcolumn - JHipster (and/or extensions) can add load columns here -->
        </loadData>
    </changeSet>
</databaseChangeLog>
