<?xml version="1.0" encoding="utf-8"?>
<databaseChangeLog
    xmlns="http://www.liquibase.org/xml/ns/dbchangelog"
    xmlns:ext="http://www.liquibase.org/xml/ns/dbchangelog-ext"
    xmlns:xsi="http://www.w3.org/2001/XMLSchema-instance"
    xsi:schemaLocation="http://www.liquibase.org/xml/ns/dbchangelog http://www.liquibase.org/xml/ns/dbchangelog/dbchangelog-latest.xsd
                        http://www.liquibase.org/xml/ns/dbchangelog-ext http://www.liquibase.org/xml/ns/dbchangelog/dbchangelog-ext.xsd">

    <!--
        Added the entity Post.
    -->
    <changeSet id="20250402145833-1" author="jhipster">
        <createTable tableName="post">
            <column name="id" type="bigint" autoIncrement="true" startWith="1500">
                <constraints primaryKey="true" nullable="false"/>
            </column>
            <column name="description" type="${clobType}">
                <constraints nullable="false" />
            </column>
            <column name="benefit" type="${clobType}">
                <constraints nullable="false" />
            </column>
            <column name="job_type" type="varchar(255)">
                <constraints nullable="false" />
            </column>
            <column name="salary_range" type="varchar(255)">
                <constraints nullable="true" />
            </column>
            <column name="location" type="varchar(255)">
                <constraints nullable="false" />
            </column>
            <column name="address" type="varchar(255)">
                <constraints nullable="true" />
            </column>
            <column name="status" type="varchar(255)">
                <constraints nullable="false" />
            </column>
            <column name="created_at" type="${datetimeType}">
                <constraints nullable="true" />
            </column>
            <column name="updated_at" type="${datetimeType}">
                <constraints nullable="true" />
            </column>
            <column name="expiration_date" type="${datetimeType}">
                <constraints nullable="true" />
            </column>
            <column name="experience_years_required" type="integer">
                <constraints nullable="true" />
            </column>
            <column name="requirements" type="${clobType}">
                <constraints nullable="false" />
            </column>
            <column name="position_id" type="bigint">
                <constraints nullable="true" />
            </column>
            <column name="employer_id" type="bigint">
                <constraints nullable="true" />
            </column>
            <!-- jhipster-needle-liquibase-add-column - JHipster will add columns here -->
        </createTable>
        <dropDefaultValue tableName="post" columnName="created_at" columnDataType="${datetimeType}"/>
        <dropDefaultValue tableName="post" columnName="updated_at" columnDataType="${datetimeType}"/>
        <dropDefaultValue tableName="post" columnName="expiration_date" columnDataType="${datetimeType}"/>
    </changeSet>

    <!-- jhipster-needle-liquibase-add-changeset - JHipster will add changesets here -->

    <!--
        Load sample data generated with Faker.js
        - This data can be easily edited using a CSV editor (or even MS Excel) and
          is located in the 'src/main/resources/config/liquibase/fake-data' directory
        - By default this data is applied when running with the JHipster 'dev' profile.
          This can be customized by adding or removing 'faker' in the 'spring.liquibase.contexts'
          Spring Boot configuration key.
    -->
    <changeSet id="20250402145833-1-data" author="jhipster" context="faker">
        <loadData
                  file="config/liquibase/fake-data/post.csv"
                  separator=";"
                  tableName="post"
                  usePreparedStatements="true">
            <column name="id" type="numeric"/>
            <column name="description" type="clob"/>
            <column name="benefit" type="clob"/>
            <column name="job_type" type="string"/>
            <column name="salary_range" type="string"/>
            <column name="location" type="string"/>
            <column name="address" type="string"/>
            <column name="status" type="string"/>
            <column name="created_at" type="date"/>
            <column name="updated_at" type="date"/>
            <column name="expiration_date" type="date"/>
            <column name="experience_years_required" type="numeric"/>
            <column name="requirements" type="clob"/>
            <!-- jhipster-needle-liquibase-add-loadcolumn - JHipster (and/or extensions) can add load columns here -->
        </loadData>
    </changeSet>
</databaseChangeLog>
