<?xml version="1.0" encoding="utf-8"?>
<databaseChangeLog
    xmlns="http://www.liquibase.org/xml/ns/dbchangelog"
    xmlns:ext="http://www.liquibase.org/xml/ns/dbchangelog-ext"
    xmlns:xsi="http://www.w3.org/2001/XMLSchema-instance"
    xsi:schemaLocation="http://www.liquibase.org/xml/ns/dbchangelog http://www.liquibase.org/xml/ns/dbchangelog/dbchangelog-latest.xsd
                        http://www.liquibase.org/xml/ns/dbchangelog-ext http://www.liquibase.org/xml/ns/dbchangelog/dbchangelog-ext.xsd">

    <!--
        Added the entity Employer.
    -->
    <changeSet id="20250402145733-1" author="jhipster">
        <createTable tableName="employer">
            <column name="id" type="bigint" autoIncrement="true" startWith="1500">
                <constraints primaryKey="true" nullable="false"/>
            </column>
            <column name="company_name" type="varchar(255)">
                <constraints nullable="false" />
            </column>
            <column name="company_code" type="varchar(255)">
                <constraints nullable="false" unique="true" uniqueConstraintName="ux_employer__company_code" />
            </column>
            <column name="company_description" type="${clobType}">
                <constraints nullable="true" />
            </column>
            <column name="company_website" type="varchar(255)">
                <constraints nullable="true" />
            </column>
            <column name="workforce_size" type="integer">
                <constraints nullable="true" />
            </column>
            <column name="business_type" type="varchar(255)">
                <constraints nullable="true" />
            </column>
            <column name="year_established" type="integer">
                <constraints nullable="true" />
            </column>
            <column name="specialization" type="varchar(255)">
                <constraints nullable="true" />
            </column>
            <column name="app_user_id" type="bigint">
                <constraints nullable="true" unique="true" uniqueConstraintName="ux_employer__app_user_id" />
            </column>
            <!-- jhipster-needle-liquibase-add-column - JHipster will add columns here -->
        </createTable>
    </changeSet>

    <!-- jhipster-needle-liquibase-add-changeset - JHipster will add changesets here -->

    <!--
        Load sample data generated with Faker.js
        - This data can be easily edited using a CSV editor (or even MS Excel) and
          is located in the 'src/main/resources/config/liquibase/fake-data' directory
        - By default this data is applied when running with the JHipster 'dev' profile.
          This can be customized by adding or removing 'faker' in the 'spring.liquibase.contexts'
          Spring Boot configuration key.
    -->
    <changeSet id="20250402145733-1-data" author="jhipster" context="faker">
        <loadData
                  file="config/liquibase/fake-data/employer.csv"
                  separator=";"
                  tableName="employer"
                  usePreparedStatements="true">
            <column name="id" type="numeric"/>
            <column name="company_name" type="string"/>
            <column name="company_code" type="string"/>
            <column name="company_description" type="clob"/>
            <column name="company_website" type="string"/>
            <column name="workforce_size" type="numeric"/>
            <column name="business_type" type="string"/>
            <column name="year_established" type="numeric"/>
            <column name="specialization" type="string"/>
            <!-- jhipster-needle-liquibase-add-loadcolumn - JHipster (and/or extensions) can add load columns here -->
        </loadData>
    </changeSet>
</databaseChangeLog>
