<?xml version="1.0" encoding="utf-8"?>
<databaseChangeLog
    xmlns="http://www.liquibase.org/xml/ns/dbchangelog"
    xmlns:ext="http://www.liquibase.org/xml/ns/dbchangelog-ext"
    xmlns:xsi="http://www.w3.org/2001/XMLSchema-instance"
    xsi:schemaLocation="http://www.liquibase.org/xml/ns/dbchangelog http://www.liquibase.org/xml/ns/dbchangelog/dbchangelog-latest.xsd
                        http://www.liquibase.org/xml/ns/dbchangelog-ext http://www.liquibase.org/xml/ns/dbchangelog/dbchangelog-ext.xsd">

    <!--
        Added the entity AppUser.
    -->
    <changeSet id="20250402145433-1" author="jhipster">
        <createTable tableName="app_user">
            <column name="id" type="bigint" autoIncrement="true" startWith="1500">
                <constraints primaryKey="true" nullable="false"/>
            </column>
            <column name="email" type="varchar(255)">
                <constraints nullable="false" unique="true" uniqueConstraintName="ux_app_user__email" />
            </column>
            <column name="password" type="varchar(255)">
                <constraints nullable="false" />
            </column>
            <column name="role" type="varchar(255)">
                <constraints nullable="false" />
            </column>
            <column name="created_at" type="${datetimeType}">
                <constraints nullable="true" />
            </column>
            <column name="updated_at" type="${datetimeType}">
                <constraints nullable="true" />
            </column>
            <column name="full_name" type="varchar(255)">
                <constraints nullable="false" />
            </column>
            <column name="phone" type="varchar(255)">
                <constraints nullable="true" />
            </column>
            <column name="avatar_url" type="varchar(255)">
                <constraints nullable="true" />
            </column>
            <column name="address" type="varchar(255)">
                <constraints nullable="true" />
            </column>
            <column name="status" type="boolean">
                <constraints nullable="true" />
            </column>
            <!-- jhipster-needle-liquibase-add-column - JHipster will add columns here -->
        </createTable>
        <dropDefaultValue tableName="app_user" columnName="created_at" columnDataType="${datetimeType}"/>
        <dropDefaultValue tableName="app_user" columnName="updated_at" columnDataType="${datetimeType}"/>
    </changeSet>

    <!-- jhipster-needle-liquibase-add-changeset - JHipster will add changesets here -->

    <!--
        Load sample data generated with Faker.js
        - This data can be easily edited using a CSV editor (or even MS Excel) and
          is located in the 'src/main/resources/config/liquibase/fake-data' directory
        - By default this data is applied when running with the JHipster 'dev' profile.
          This can be customized by adding or removing 'faker' in the 'spring.liquibase.contexts'
          Spring Boot configuration key.
    -->
    <changeSet id="20250402145433-1-data" author="jhipster" context="faker">
        <loadData
                  file="config/liquibase/fake-data/app_user.csv"
                  separator=";"
                  tableName="app_user"
                  usePreparedStatements="true">
            <column name="id" type="numeric"/>
            <column name="email" type="string"/>
            <column name="password" type="string"/>
            <column name="role" type="string"/>
            <column name="created_at" type="date"/>
            <column name="updated_at" type="date"/>
            <column name="full_name" type="string"/>
            <column name="phone" type="string"/>
            <column name="avatar_url" type="string"/>
            <column name="address" type="string"/>
            <column name="status" type="boolean"/>
            <!-- jhipster-needle-liquibase-add-loadcolumn - JHipster (and/or extensions) can add load columns here -->
        </loadData>
    </changeSet>
</databaseChangeLog>
