<?xml version="1.0" encoding="utf-8"?>
<databaseChangeLog
    xmlns="http://www.liquibase.org/xml/ns/dbchangelog"
    xmlns:ext="http://www.liquibase.org/xml/ns/dbchangelog-ext"
    xmlns:xsi="http://www.w3.org/2001/XMLSchema-instance"
    xsi:schemaLocation="http://www.liquibase.org/xml/ns/dbchangelog http://www.liquibase.org/xml/ns/dbchangelog/dbchangelog-latest.xsd
                        http://www.liquibase.org/xml/ns/dbchangelog-ext http://www.liquibase.org/xml/ns/dbchangelog/dbchangelog-ext.xsd">

    <!--
        Added the entity Contract.
    -->
    <changeSet id="20250402151133-1" author="jhipster">
        <createTable tableName="contract">
            <column name="id" type="bigint" autoIncrement="true" startWith="1500">
                <constraints primaryKey="true" nullable="false"/>
            </column>
            <column name="contract_term" type="varchar(255)">
                <constraints nullable="true" />
            </column>
            <column name="created_date" type="${datetimeType}">
                <constraints nullable="true" />
            </column>
            <column name="end_date" type="${datetimeType}">
                <constraints nullable="true" />
            </column>
            <column name="salary" type="integer">
                <constraints nullable="true" />
            </column>
            <column name="start_date" type="${datetimeType}">
                <constraints nullable="true" />
            </column>
            <column name="status" type="varchar(255)">
                <constraints nullable="false" />
            </column>
            <column name="job_seeker_id" type="bigint">
                <constraints nullable="true" />
            </column>
            <column name="employer_id" type="bigint">
                <constraints nullable="true" />
            </column>
            <!-- jhipster-needle-liquibase-add-column - JHipster will add columns here -->
        </createTable>
        <dropDefaultValue tableName="contract" columnName="created_date" columnDataType="${datetimeType}"/>
        <dropDefaultValue tableName="contract" columnName="end_date" columnDataType="${datetimeType}"/>
        <dropDefaultValue tableName="contract" columnName="start_date" columnDataType="${datetimeType}"/>
    </changeSet>

    <!-- jhipster-needle-liquibase-add-changeset - JHipster will add changesets here -->

    <!--
        Load sample data generated with Faker.js
        - This data can be easily edited using a CSV editor (or even MS Excel) and
          is located in the 'src/main/resources/config/liquibase/fake-data' directory
        - By default this data is applied when running with the JHipster 'dev' profile.
          This can be customized by adding or removing 'faker' in the 'spring.liquibase.contexts'
          Spring Boot configuration key.
    -->
    <changeSet id="20250402151133-1-data" author="jhipster" context="faker">
        <loadData
                  file="config/liquibase/fake-data/contract.csv"
                  separator=";"
                  tableName="contract"
                  usePreparedStatements="true">
            <column name="id" type="numeric"/>
            <column name="contract_term" type="string"/>
            <column name="created_date" type="date"/>
            <column name="end_date" type="date"/>
            <column name="salary" type="numeric"/>
            <column name="start_date" type="date"/>
            <column name="status" type="string"/>
            <!-- jhipster-needle-liquibase-add-loadcolumn - JHipster (and/or extensions) can add load columns here -->
        </loadData>
    </changeSet>
</databaseChangeLog>
