<?xml version="1.0" encoding="utf-8"?>
<databaseChangeLog
    xmlns="http://www.liquibase.org/xml/ns/dbchangelog"
    xmlns:ext="http://www.liquibase.org/xml/ns/dbchangelog-ext"
    xmlns:xsi="http://www.w3.org/2001/XMLSchema-instance"
    xsi:schemaLocation="http://www.liquibase.org/xml/ns/dbchangelog http://www.liquibase.org/xml/ns/dbchangelog/dbchangelog-latest.xsd
                        http://www.liquibase.org/xml/ns/dbchangelog-ext http://www.liquibase.org/xml/ns/dbchangelog/dbchangelog-ext.xsd">

    <!--
        Added the entity JobSeeker.
    -->
    <changeSet id="20250402145533-1" author="jhipster">
        <createTable tableName="job_seeker">
            <column name="id" type="bigint" autoIncrement="true" startWith="1500">
                <constraints primaryKey="true" nullable="false"/>
            </column>
            <column name="resume_url" type="varchar(255)">
                <constraints nullable="true" />
            </column>
            <column name="expected_salary" type="integer">
                <constraints nullable="true" />
            </column>
            <column name="description" type="varchar(255)">
                <constraints nullable="true" />
            </column>
            <column name="birth_date" type="${datetimeType}">
                <constraints nullable="true" />
            </column>
            <column name="app_user_id" type="bigint">
                <constraints nullable="true" unique="true" uniqueConstraintName="ux_job_seeker__app_user_id" />
            </column>
            <!-- jhipster-needle-liquibase-add-column - JHipster will add columns here -->
        </createTable>
        <dropDefaultValue tableName="job_seeker" columnName="birth_date" columnDataType="${datetimeType}"/>
    </changeSet>

    <changeSet id="20250402145533-1-relations" author="jhipster">

        <createTable tableName="job_seeker__position">
            <column name="position_id" type="bigint">
                <constraints nullable="false"/>
            </column>
            <column name="job_seeker_id" type="bigint">
                <constraints nullable="false"/>
            </column>
        </createTable>

        <addPrimaryKey columnNames="job_seeker_id, position_id" tableName="job_seeker__position"/>
    </changeSet>

    <!-- jhipster-needle-liquibase-add-changeset - JHipster will add changesets here -->

    <!--
        Load sample data generated with Faker.js
        - This data can be easily edited using a CSV editor (or even MS Excel) and
          is located in the 'src/main/resources/config/liquibase/fake-data' directory
        - By default this data is applied when running with the JHipster 'dev' profile.
          This can be customized by adding or removing 'faker' in the 'spring.liquibase.contexts'
          Spring Boot configuration key.
    -->
    <changeSet id="20250402145533-1-data" author="jhipster" context="faker">
        <loadData
                  file="config/liquibase/fake-data/job_seeker.csv"
                  separator=";"
                  tableName="job_seeker"
                  usePreparedStatements="true">
            <column name="id" type="numeric"/>
            <column name="resume_url" type="string"/>
            <column name="expected_salary" type="numeric"/>
            <column name="description" type="string"/>
            <column name="birth_date" type="date"/>
            <!-- jhipster-needle-liquibase-add-loadcolumn - JHipster (and/or extensions) can add load columns here -->
        </loadData>
    </changeSet>
</databaseChangeLog>
