{
  "annotations": {
    "changelogDate": "20250402150433"
  },
  "applications": "*",
  "changelogDate": "20250402150433",
  "dto": "mapstruct",
  "fields": [
    {
      "fieldName": "dayOfWeek",
      "fieldType": "DayOfWeek",
      "fieldValidateRules": ["required"],
      "fieldValues": "MONDAY,TUESDAY,WEDNESDAY,THURSDAY,FRIDAY,SATURDAY,SUNDAY"
    },
    {
      "fieldName": "startTime",
      "fieldType": "LocalTime",
      "fieldValidateRules": ["required"]
    },
    {
      "fieldName": "endTime",
      "fieldType": "LocalTime",
      "fieldValidateRules": ["required"]
    }
  ],
  "name": "ApplicationSchedule",
  "pagination": "pagination",
  "relationships": [],
  "searchEngine": "no",
  "service": "serviceImpl"
}
