{
  "annotations": {
    "changelogDate": "20250402150333"
  },
  "applications": "*",
  "changelogDate": "20250402150333",
  "dto": "mapstruct",
  "fields": [
    {
      "fieldName": "status",
      "fieldType": "ApplicationStatus",
      "fieldValues": "PENDING,UNDER_REVIEW,INTERVIEWING,ACCEPTED,REJECTED,WITHDRAWN"
    },
    {
      "fieldName": "appliedAt",
      "fieldType": "Instant"
    },
    {
      "fieldName": "coverLetter",
      "fieldType": "TextBlob"
    }
  ],
  "name": "Application",
  "pagination": "pagination",
  "relationships": [
    {
      "otherEntityName": "applicationSchedule",
      "relationshipName": "applicationSchedule",
      "relationshipSide": "left",
      "relationshipType": "one-to-one"
    },
    {
      "otherEntityName": "jobSeeker",
      "relationshipName": "jobSeeker",
      "relationshipSide": "left",
      "relationshipType": "many-to-one"
    },
    {
      "otherEntityName": "post",
      "relationshipName": "post",
      "relationshipSide": "left",
      "relationshipType": "many-to-one"
    }
  ],
  "searchEngine": "no",
  "service": "serviceImpl"
}
