{
  "annotations": {
    "changelogDate": "20250402145433"
  },
  "applications": "*",
  "changelogDate": "20250402145433",
  "dto": "mapstruct",
  "fields": [
    {
      "fieldName": "email",
      "fieldType": "String",
      "fieldValidateRules": ["required", "unique"]
    },
    {
      "fieldName": "password",
      "fieldType": "String"
    },
    {
      "fieldName": "role",
      "fieldType": "UserRole",
      "fieldValidateRules": ["required"],
      "fieldValues": "JOB_SEEKER,EMPLOYER"
    },
    {
      "fieldName": "createdAt",
      "fieldType": "Instant"
    },
    {
      "fieldName": "updatedAt",
      "fieldType": "Instant"
    },
    {
      "fieldName": "fullName",
      "fieldType": "String",
      "fieldValidateRules": ["required"]
    },
    {
      "fieldName": "phone",
      "fieldType": "String"
    },
    {
      "fieldName": "avatarUrl",
      "fieldType": "String"
    },
    {
      "fieldName": "address",
      "fieldType": "String"
    },
    {
      "fieldName": "status",
      "fieldType": "Boolean"
    }
  ],
  "name": "AppUser",
  "pagination": "pagination",
  "relationships": [],
  "searchEngine": "no",
  "service": "serviceImpl"
}
