{
  "annotations": {
    "changelogDate": "20250402151133"
  },
  "applications": "*",
  "changelogDate": "20250402151133",
  "dto": "mapstruct",
  "fields": [
    {
      "fieldName": "contractTerm",
      "fieldType": "String"
    },
    {
      "fieldName": "createdDate",
      "fieldType": "Instant"
    },
    {
      "fieldName": "endDate",
      "fieldType": "Instant"
    },
    {
      "fieldName": "salary",
      "fieldType": "Integer"
    },
    {
      "fieldName": "startDate",
      "fieldType": "Instant"
    },
    {
      "fieldName": "status",
      "fieldType": "ContractStatus",
      "fieldValidateRules": ["required"],
      "fieldValues": "ACTIVE,COMPLETE,PENDING"
    }
  ],
  "name": "Contract",
  "pagination": "pagination",
  "relationships": [
    {
      "otherEntityName": "jobSeeker",
      "relationshipName": "jobSeeker",
      "relationshipSide": "left",
      "relationshipType": "many-to-one"
    },
    {
      "otherEntityName": "employer",
      "relationshipName": "employer",
      "relationshipSide": "left",
      "relationshipType": "many-to-one"
    }
  ],
  "searchEngine": "no",
  "service": "serviceImpl"
}
