{
  "annotations": {
    "changelogDate": "20250402145733"
  },
  "applications": "*",
  "changelogDate": "20250402145733",
  "dto": "mapstruct",
  "fields": [
    {
      "fieldName": "companyName",
      "fieldType": "String"
    },
    {
      "fieldName": "companyCode",
      "fieldType": "String",
      "fieldValidateRules": ["unique"]
    },
    {
      "fieldName": "companyDescription",
      "fieldType": "TextBlob"
    },
    {
      "fieldName": "companyWebsite",
      "fieldType": "String"
    },
    {
      "fieldName": "workforceSize",
      "fieldType": "Integer"
    },
    {
      "fieldName": "businessType",
      "fieldType": "String"
    },
    {
      "fieldName": "yearEstablished",
      "fieldType": "Integer"
    },
    {
      "fieldName": "specialization",
      "fieldType": "String"
    }
  ],
  "name": "Employer",
  "pagination": "pagination",
  "relationships": [
    {
      "otherEntityName": "appUser",
      "relationshipName": "appUser",
      "relationshipSide": "left",
      "relationshipType": "one-to-one"
    }
  ],
  "searchEngine": "no",
  "service": "serviceImpl"
}
