{
  "annotations": {
    "changelogDate": "20250402151033"
  },
  "applications": "*",
  "changelogDate": "20250402151033",
  "dto": "mapstruct",
  "fields": [
    {
      "fieldName": "companyName",
      "fieldType": "String",
      "fieldValidateRules": ["required"]
    },
    {
      "fieldName": "jobTitle",
      "fieldType": "String",
      "fieldValidateRules": ["required"]
    },
    {
      "fieldName": "jobDescription",
      "fieldType": "TextBlob"
    },
    {
      "fieldName": "startDate",
      "fieldType": "LocalDate",
      "fieldValidateRules": ["required"]
    },
    {
      "fieldName": "endDate",
      "fieldType": "LocalDate"
    },
    {
      "fieldName": "isCurrent",
      "fieldType": "Boolean"
    },
    {
      "fieldName": "createdAt",
      "fieldType": "Instant"
    }
  ],
  "name": "Experience",
  "pagination": "pagination",
  "relationships": [],
  "searchEngine": "no",
  "service": "serviceImpl"
}
