{
  "annotations": {
    "changelogDate": "20250402150533"
  },
  "applications": "*",
  "changelogDate": "20250402150533",
  "dto": "mapstruct",
  "fields": [
    {
      "fieldName": "scheduledTime",
      "fieldType": "Instant",
      "fieldValidateRules": ["required"]
    },
    {
      "fieldName": "durationMinutes",
      "fieldType": "Integer"
    },
    {
      "fieldName": "interviewType",
      "fieldType": "InterviewType",
      "fieldValidateRules": ["required"],
      "fieldValues": "IN_PERSON,PHONE,VIDEO"
    },
    {
      "fieldName": "locationOrLink",
      "fieldType": "String"
    },
    {
      "fieldName": "status",
      "fieldType": "InterviewStatus",
      "fieldValidateRules": ["required"],
      "fieldValues": "SCHEDULED,COMPLETED,CANCELED,RESCHEDULED"
    },
    {
      "fieldName": "notes",
      "fieldType": "TextBlob"
    }
  ],
  "name": "Interview",
  "pagination": "pagination",
  "relationships": [
    {
      "otherEntityName": "application",
      "relationshipName": "application",
      "relationshipSide": "left",
      "relationshipType": "many-to-one"
    }
  ],
  "searchEngine": "no",
  "service": "serviceImpl"
}
