{
  "annotations": {
    "changelogDate": "20250402145533"
  },
  "applications": "*",
  "changelogDate": "20250402145533",
  "dto": "mapstruct",
  "fields": [
    {
      "fieldName": "resumeUrl",
      "fieldType": "String"
    },
    {
      "fieldName": "expectedSalary",
      "fieldType": "Integer"
    },
    {
      "fieldName": "description",
      "fieldType": "String"
    },
    {
      "fieldName": "birthDate",
      "fieldType": "Instant"
    }
  ],
  "name": "JobSeeker",
  "pagination": "pagination",
  "relationships": [
    {
      "otherEntityName": "appUser",
      "relationshipName": "appUser",
      "relationshipSide": "left",
      "relationshipType": "one-to-one"
    },
    {
      "otherEntityName": "experience",
      "relationshipName": "experiences",
      "relationshipSide": "left",
      "relationshipType": "one-to-many"
    },
    {
      "otherEntityName": "position",
      "otherEntityRelationshipName": "jobSeekers",
      "relationshipName": "positions",
      "relationshipSide": "left",
      "relationshipType": "many-to-many"
    }
  ],
  "searchEngine": "no",
  "service": "serviceImpl"
}
