{
  "annotations": {
    "changelogDate": "20250402150733"
  },
  "applications": "*",
  "changelogDate": "20250402150733",
  "dto": "mapstruct",
  "entityTableName": "message_receiver",
  "fields": [
    {
      "fieldName": "isRead",
      "fieldType": "Boolean"
    }
  ],
  "name": "MessageReceiver",
  "pagination": "pagination",
  "relationships": [
    {
      "otherEntityName": "message",
      "relationshipName": "message",
      "relationshipSide": "left",
      "relationshipType": "many-to-one"
    },
    {
      "otherEntityName": "appUser",
      "relationshipName": "receiver",
      "relationshipSide": "left",
      "relationshipType": "many-to-one"
    }
  ],
  "searchEngine": "no",
  "service": "serviceImpl"
}
