{
  "annotations": {
    "changelogDate": "20250402150633"
  },
  "applications": "*",
  "changelogDate": "20250402150633",
  "dto": "mapstruct",
  "fields": [
    {
      "fieldName": "content",
      "fieldType": "TextBlob",
      "fieldValidateRules": ["required"]
    },
    {
      "fieldName": "sentAt",
      "fieldType": "Instant"
    },
    {
      "fieldName": "messageType",
      "fieldType": "MessageType",
      "fieldValues": "TEXT,IMAGE,FILE"
    }
  ],
  "name": "Message",
  "pagination": "pagination",
  "relationships": [
    {
      "otherEntityName": "appUser",
      "relationshipName": "sender",
      "relationshipSide": "left",
      "relationshipType": "many-to-one"
    }
  ],
  "searchEngine": "no",
  "service": "serviceImpl"
}
