{
  "annotations": {
    "changelogDate": "20250402150833"
  },
  "applications": "*",
  "changelogDate": "20250402150833",
  "dto": "mapstruct",
  "fields": [
    {
      "fieldName": "title",
      "fieldType": "String",
      "fieldValidateRules": ["required"]
    },
    {
      "fieldName": "content",
      "fieldType": "TextBlob",
      "fieldValidateRules": ["required"]
    },
    {
      "fieldName": "notiCode",
      "fieldType": "NotificationCode",
      "fieldValidateRules": ["required"],
      "fieldValues": "POST,CONTRACT"
    },
    {
      "fieldName": "createdAt",
      "fieldType": "Instant"
    }
  ],
  "name": "Notification",
  "pagination": "pagination",
  "relationships": [
    {
      "otherEntityName": "appUser",
      "relationshipName": "sender",
      "relationshipSide": "left",
      "relationshipType": "many-to-one"
    }
  ],
  "searchEngine": "no",
  "service": "serviceImpl"
}
