{
  "annotations": {
    "changelogDate": "20250428072719"
  },
  "applications": "*",
  "dto": "mapstruct",
  "fields": [
    {
      "fieldName": "isRead",
      "fieldType": "Boolean",
      "fieldValidateRules": ["required"]
    }
  ],
  "name": "NotificationReceiver",
  "pagination": "pagination",
  "relationships": [
    {
      "otherEntityName": "notification",
      "relationshipName": "notification",
      "relationshipSide": "left",
      "relationshipType": "many-to-one"
    },
    {
      "otherEntityName": "appUser",
      "relationshipName": "receiver",
      "relationshipSide": "left",
      "relationshipType": "many-to-one"
    }
  ],
  "searchEngine": "no",
  "service": "serviceImpl"
}
