{
  "annotations": {
    "changelogDate": "20250402150133"
  },
  "applications": "*",
  "changelogDate": "20250402150133",
  "dto": "mapstruct",
  "fields": [
    {
      "fieldName": "name",
      "fieldType": "String",
      "fieldValidateRules": ["unique"]
    }
  ],
  "name": "Position",
  "pagination": "pagination",
  "relationships": [
    {
      "otherEntityField": "name",
      "otherEntityName": "category",
      "relationshipName": "category",
      "relationshipSide": "left",
      "relationshipType": "many-to-one",
      "relationshipValidateRules": "required"
    },
    {
      "otherEntityName": "jobSeeker",
      "otherEntityRelationshipName": "positions",
      "relationshipName": "jobSeekers",
      "relationshipSide": "right",
      "relationshipType": "many-to-many"
    }
  ],
  "searchEngine": "no",
  "service": "serviceImpl"
}
