{
  "annotations": {
    "changelogDate": "20250402145833"
  },
  "applications": "*",
  "changelogDate": "20250402145833",
  "dto": "mapstruct",
  "fields": [
    {
      "fieldName": "description",
      "fieldType": "TextBlob",
      "fieldValidateRules": ["required"]
    },
    {
      "fieldName": "benefit",
      "fieldType": "TextBlob",
      "fieldValidateRules": ["required"]
    },
    {
      "fieldName": "jobType",
      "fieldType": "JobType",
      "fieldValidateRules": ["required"],
      "fieldValues": "FULL_TIME,PART_TIME,FREELANCE,INTERNSHIP"
    },
    {
      "fieldName": "salaryRange",
      "fieldType": "String"
    },
    {
      "fieldName": "location",
      "fieldType": "String",
      "fieldValidateRules": ["required"]
    },
    {
      "fieldName": "address",
      "fieldType": "String"
    },
    {
      "fieldName": "status",
      "fieldType": "PostStatus",
      "fieldValidateRules": ["required"],
      "fieldValues": "DRAFT,PUBLISHED,CLOSED,DELETED"
    },
    {
      "fieldName": "createdAt",
      "fieldType": "Instant"
    },
    {
      "fieldName": "updatedAt",
      "fieldType": "Instant"
    },
    {
      "fieldName": "expirationDate",
      "fieldType": "Instant"
    },
    {
      "fieldName": "experienceYearsRequired",
      "fieldType": "Integer"
    },
    {
      "fieldName": "requirements",
      "fieldType": "TextBlob",
      "fieldValidateRules": ["required"]
    }
  ],
  "name": "Post",
  "pagination": "pagination",
  "relationships": [
    {
      "otherEntityName": "position",
      "relationshipName": "position",
      "relationshipSide": "left",
      "relationshipType": "many-to-one"
    },
    {
      "otherEntityName": "employer",
      "relationshipName": "employer",
      "relationshipSide": "left",
      "relationshipType": "many-to-one"
    }
  ],
  "searchEngine": "no",
  "service": "serviceImpl"
}
