{
  "annotations": {
    "changelogDate": "20250402150933"
  },
  "applications": "*",
  "changelogDate": "20250402150933",
  "dto": "mapstruct",
  "fields": [
    {
      "fieldName": "rating",
      "fieldType": "Integer",
      "fieldValidateRules": ["required"]
    },
    {
      "fieldName": "comment",
      "fieldType": "TextBlob"
    },
    {
      "fieldName": "createdAt",
      "fieldType": "Instant"
    }
  ],
  "name": "Review",
  "pagination": "pagination",
  "relationships": [
    {
      "otherEntityName": "jobSeeker",
      "relationshipName": "jobSeeker",
      "relationshipSide": "left",
      "relationshipType": "many-to-one"
    },
    {
      "otherEntityName": "employer",
      "relationshipName": "employer",
      "relationshipSide": "left",
      "relationshipType": "many-to-one"
    }
  ],
  "searchEngine": "no",
  "service": "serviceImpl"
}
