<?xml version="1.0" encoding="utf-8"?>
<databaseChangeLog
    xmlns="http://www.liquibase.org/xml/ns/dbchangelog"
    xmlns:xsi="http://www.w3.org/2001/XMLSchema-instance"
    xsi:schemaLocation="http://www.liquibase.org/xml/ns/dbchangelog http://www.liquibase.org/xml/ns/dbchangelog/dbchangelog-latest.xsd">
    <property name="now" value="now()" dbms="mysql"/>
    <property name="floatType" value="float" dbms="mysql"/>
    <property name="clobType" value="clob" dbms="mysql"/>
    <property name="blobType" value="longblob" dbms="mysql"/>
    <property name="uuidType" value="varchar(36)" dbms="mysql"/>
    <property name="datetimeType" value="datetime(6)" dbms="mysql"/>

    <include file="config/liquibase/changelog/00000000000000_initial_schema.xml" relativeToChangelogFile="false"/>
    <include file="config/liquibase/changelog/20250402145433_added_entity_AppUser.xml" relativeToChangelogFile="false"/>
    <include file="config/liquibase/changelog/20250402145533_added_entity_JobSeeker.xml" relativeToChangelogFile="false"/>
    <include file="config/liquibase/changelog/20250402145733_added_entity_Employer.xml" relativeToChangelogFile="false"/>
    <include file="config/liquibase/changelog/20250402145833_added_entity_Post.xml" relativeToChangelogFile="false"/>
    <include file="config/liquibase/changelog/20250402150133_added_entity_Position.xml" relativeToChangelogFile="false"/>
    <include file="config/liquibase/changelog/20250402150233_added_entity_Category.xml" relativeToChangelogFile="false"/>
    <include file="config/liquibase/changelog/20250402150333_added_entity_Application.xml" relativeToChangelogFile="false"/>
    <include file="config/liquibase/changelog/20250402150433_added_entity_ApplicationSchedule.xml" relativeToChangelogFile="false"/>
    <include file="config/liquibase/changelog/20250402150533_added_entity_Interview.xml" relativeToChangelogFile="false"/>
    <include file="config/liquibase/changelog/20250402150633_added_entity_Message.xml" relativeToChangelogFile="false"/>
    <include file="config/liquibase/changelog/20250402150733_added_entity_MessageReceiver.xml" relativeToChangelogFile="false"/>
    <include file="config/liquibase/changelog/20250402150833_added_entity_Notification.xml" relativeToChangelogFile="false"/>
    <include file="config/liquibase/changelog/20250402150933_added_entity_Review.xml" relativeToChangelogFile="false"/>
    <include file="config/liquibase/changelog/20250402151033_added_entity_Experience.xml" relativeToChangelogFile="false"/>
    <include file="config/liquibase/changelog/20250402151133_added_entity_Contract.xml" relativeToChangelogFile="false"/>
    <include file="config/liquibase/changelog/20250428072719_added_entity_NotificationReceiver.xml" relativeToChangelogFile="false"/>
    <!-- jhipster-needle-liquibase-add-changelog - JHipster will add liquibase changelogs here -->
    <include file="config/liquibase/changelog/20250402145533_added_entity_constraints_JobSeeker.xml" relativeToChangelogFile="false"/>
    <include file="config/liquibase/changelog/20250402145733_added_entity_constraints_Employer.xml" relativeToChangelogFile="false"/>
    <include file="config/liquibase/changelog/20250402145833_added_entity_constraints_Post.xml" relativeToChangelogFile="false"/>
    <include file="config/liquibase/changelog/20250402150133_added_entity_constraints_Position.xml" relativeToChangelogFile="false"/>
    <include file="config/liquibase/changelog/20250402150333_added_entity_constraints_Application.xml" relativeToChangelogFile="false"/>
    <include file="config/liquibase/changelog/20250402150433_added_entity_constraints_ApplicationSchedule.xml" relativeToChangelogFile="false"/>
    <include file="config/liquibase/changelog/20250402150533_added_entity_constraints_Interview.xml" relativeToChangelogFile="false"/>
    <include file="config/liquibase/changelog/20250402150633_added_entity_constraints_Message.xml" relativeToChangelogFile="false"/>
    <include file="config/liquibase/changelog/20250402150733_added_entity_constraints_MessageReceiver.xml" relativeToChangelogFile="false"/>
    <include file="config/liquibase/changelog/20250402150833_added_entity_constraints_Notification.xml" relativeToChangelogFile="false"/>
    <include file="config/liquibase/changelog/20250402150933_added_entity_constraints_Review.xml" relativeToChangelogFile="false"/>
    <include file="config/liquibase/changelog/20250402151033_added_entity_constraints_Experience.xml" relativeToChangelogFile="false"/>
    <include file="config/liquibase/changelog/20250402151133_added_entity_constraints_Contract.xml" relativeToChangelogFile="false"/>
    <include file="config/liquibase/changelog/20250402145433_added_entity_constraints_AppUser.xml" relativeToChangelogFile="false"/>
    <include file="config/liquibase/changelog/20250428072719_added_entity_constraints_NotificationReceiver.xml" relativeToChangelogFile="false"/>
    <!-- jhipster-needle-liquibase-add-constraints-changelog - JHipster will add liquibase constraints changelogs here -->
    <!-- jhipster-needle-liquibase-add-incremental-changelog - JHipster will add incremental liquibase changelogs here -->
</databaseChangeLog>
